{
  "position": [
    0.3450005109010244,
    -0.15254428089496314,
    2.0013939196790496
  ],
  "target": [
    0.3499999999999991,
    -0.10000000000000028,
    3.0000000000000004
  ],
  "up": [
    0,
    -1,
    0
  ]
}