{
  "position": [
    -0.26004037786766454,
    -0.1500443092255034,
    2.0053080160964045
  ],
  "target": [
    -0.25004010304007607,
    -0.10000000000000009,
    3.004004947911807
  ],
  "up": [
    0,
    -1,
    0
  ]
}