{
  "position": [
    0.6423165018680395,
    0.351571647588744,
    3.04465698979827
  ],
  "target": [
    0.6523113140687499,
    0.41161377893359025,
    4.042802793873306
  ],
  "up": [
    0,
    -1,
    0
  ]
}