{
  "position": [
    0.04149984506625949,
    0.2698181775419719,
    0.22868522613938125
  ],
  "target": [
    -0.04895127174459041,
    0.06109044578669285,
    1.2024671983816082
  ],
  "up": [
    0,
    -1,
    0
  ]
}