{
  "position": [
    -0.1041222648115994,
    0.10925907853766686,
    0.33898149815910905
  ],
  "target": [
    -0.10161984950802848,
    0.08422843742092506,
    1.3386650505510194
  ],
  "up": [
    0,
    -1,
    0
  ]
}