{
  "position": [
    -0.040047507170592994,
    0.6201514964032909,
    2.0010025743799105
  ],
  "target": [
    0,
    0.5,
    10
  ],
  "up": [
    0,
    -1,
    0
  ]
}