{
  "position": [
    0.0822642411481847,
    0.18719908376437158,
    0.807444978114272
  ],
  "target": [
    0.08226638745757647,
    0.010403049124511482,
    1.791692488718697
  ],
  "up": [
    0,
    -1,
    0
  ]
}