{
  "position": [
    0.009019455030523935,
    0.003354956354607072,
    0.10524950916930698
  ],
  "target": [
    -0.0009354712582891455,
    0.11078744233655236,
    1.099412051411928
  ],
  "up": [
    0,
    -1,
    0
  ]
}