{
  "position": [
    -0.0025009021547359503,
    0.41997633081467306,
    0.8032101736782666
  ],
  "target": [
    -1.0042103753008277e-15,
    0.4999999999999999,
    1.7999999999999996
  ],
  "up": [
    0,
    -1,
    0
  ]
}