{
  "position": [
    0.23149656012085534,
    1.145574733247486,
    3.45105717737062
  ],
  "target": [
    0.1989635820934896,
    1.1605937368359531,
    4.450414988603338
  ],
  "up": [
    0,
    -1,
    0
  ]
}