{
  "position": [
    -0.5134895172817078,
    -0.2461821225184201,
    -0.24783980549166174
  ],
  "target": [
    0,
    0.5,
    10
  ],
  "up": [
    0,
    -1,
    0
  ]
}