{
  "position": [
    -0.09505121023869292,
    1.04346891396531,
    3.555573838955075
  ],
  "target": [
    -0.1100622600566805,
    1.0760055644954094,
    4.554931650129651
  ],
  "up": [
    0,
    -1,
    0
  ]
}