{
  "position": [
    0.027532293411765486,
    0.3652832157918111,
    2.5098273875555783
  ],
  "target": [
    0.032516160915375576,
    0.4602637459098959,
    3.505294041925864
  ],
  "up": [
    0,
    -1,
    0
  ]
}