{
  "position": [
    1.279864189815723,
    0.5401622623851867,
    6.3120323391881
  ],
  "target": [
    1.297322786353442,
    0.6251703499355233,
    7.308259633763966
  ],
  "up": [
    0,
    -1,
    0
  ]
}