{
  "position": [
    0.6220807040694116,
    1.4176095423661939,
    3.1869227568901786
  ],
  "target": [
    0.5945513169364219,
    1.4326282985104686,
    4.186430920842793
  ],
  "up": [
    0,
    -1,
    0
  ]
}