{
  "position": [
    0.02033947846104664,
    -0.025019867345118463,
    0.0006589283195517215
  ],
  "target": [
    -0.024293071823650154,
    -0.1597846741709498,
    0.9905308302827645
  ],
  "up": [
    0,
    -1,
    0
  ]
}