{
  "position": [
    -0.2408663660227742,
    0.28316089100705955,
    0.37990673931173724
  ],
  "target": [
    0,
    0.5,
    10
  ],
  "up": [
    0,
    -1,
    0
  ]
}