{
  "position": [
    0.2550051015928492,
    -0.3225274398362387,
    1.150266303752626
  ],
  "target": [
    0.24999999999999878,
    -0.30000000000000077,
    2.1500000000000066
  ],
  "up": [
    0,
    -1,
    0
  ]
}