{
  "position": [
    0.3780168294892632,
    0.3844962898068354,
    2.310405854315845
  ],
  "target": [
    0.340498085302252,
    0.4170347294883921,
    3.3091718898705684
  ],
  "up": [
    0,
    -1,
    0
  ]
}