{
  "position": [
    0.009879683635162735,
    -0.05999575144197558,
    0.031726274391645326
  ],
  "target": [
    -0.03960114298014164,
    0.08963611533109256,
    1.0192291615993045
  ],
  "up": [
    0,
    -1,
    0
  ]
}