{
  "position": [
    0.0374878383777973,
    0.00500605571039602,
    0.05009081151451167
  ],
  "target": [
    0.050000000000000704,
    -9.14503698134227e-16,
    1.0499999999999965
  ],
  "up": [
    0,
    -1,
    0
  ]
}