{
  "position": [
    -0.8510006021340109,
    0.28715248519388,
    0.5529275310349705
  ],
  "target": [
    -0.7960324790910926,
    0.3396967826526833,
    1.5500321405186956
  ],
  "up": [
    0,
    -1,
    0
  ]
}