{
  "position": [
    -0.08312732198566239,
    0.044249156006632734,
    0.2843526789730594
  ],
  "target": [
    -0.11560524147582503,
    -0.01579306591482349,
    1.2820200164820625
  ],
  "up": [
    0,
    -1,
    0
  ]
}