{
  "position": [
    -0.2573128824004627,
    0.23266528045030388,
    1.1767507459043696
  ],
  "target": [
    -0.2598116245952093,
    0.29270741183997007,
    2.1749434621398533
  ],
  "up": [
    0,
    -1,
    0
  ]
}