{
  "position": [
    -0.35275273276185376,
    1.0014046381079393,
    5.818693921866096
  ],
  "target": [
    -0.29772902644595534,
    0.9738723196893675,
    6.816799308679403
  ],
  "up": [
    0,
    -1,
    0
  ]
}