{
  "position": [
    -0.07752226055957359,
    -0.055006510226859345,
    0.6030219491016724
  ],
  "target": [
    -1.1466522176206693e-15,
    -0.050000000000000606,
    1.6000000000000083
  ],
  "up": [
    0,
    -1,
    0
  ]
}