{
  "position": [
    0.027167988590938417,
    -0.09151936015431905,
    0.5609540892030075
  ],
  "target": [
    0.03901862040277823,
    -0.013124744743679277,
    1.5077201357159167
  ],
  "up": [
    0,
    -1,
    0
  ]
}