{
  "position": [
    0.31045800266144363,
    0.19191157890430693,
    0.8242035607795043
  ],
  "target": [
    0.3329378902220679,
    0.2569503680322045,
    1.8218330564160352
  ],
  "up": [
    0,
    -1,
    0
  ]
}