{
  "position": [
    -0.5425873428898131,
    0.5143921447480724,
    3.353398029333846
  ],
  "target": [
    -0.507552514980627,
    0.4993733609338777,
    4.3526712637227725
  ],
  "up": [
    0,
    -1,
    0
  ]
}