{
  "position": [
    0.06536700793316468,
    -0.12477947275457929,
    0.2522764120176054
  ],
  "target": [
    0.0003741275861293835,
    -0.08723935930566803,
    1.2494557666907882
  ],
  "up": [
    0,
    -1,
    0
  ]
}